{
    "ConfigVersion": 11,
    "Checksum": "91e07e668c03f7fbf495b7adaa07eb027462adad9c202f3dc10fa4ced6bc1da4",
    "DEVICE": [
        {
            "DeviceType": "METIS",
            "RuntimeAgent": "AXELERA",
            "SupportedDeviceTypes": "AXELERA/METIS"
        }
    ],
    "PRE_PROCESS": [
        {
            "InputN": 1,
            "InputH": 640,
            "InputW": 640,
            "InputC": 3,
            "InputQuantEn": true
        }
    ],
    "MODEL_PARAMETERS": [
        {
            "ModelPath": "model_yolo11m_marine_detector_v4.json"
        }
    ],
    "POST_PROCESS": [
        {
            "OutputPostprocessType": "DetectionYoloV8",
            "OutputNumClasses": 4,
            "LabelsPath": "labels_yolo11m_marine_detector_v4.json"
        }
    ]
}